20181001T,
20181002T,
20181003T,
20181004T,
20181005T,
20181006T,
20181007T,
20181008T,
20181009T,
20181010T,
20181011T,
20181012T,
20181013T,
20181014T,
20181015T,
20181016T,
20181017T,
20181018T,
20181019T,
20181020T,
20181021T,
20181022T,
20181023T,
20181024T,
20181025T,
20181026T,
20181027T,
20181028T,
20181029T,
20181030T,
20181031T,
20181101T,
20181102T,
20181103T,
20181104T,
20181105T,
20181106T,
20181107T,
20181108T,
20181109T,1.731350312
20181110T,0.2445655927
20181111T,2.113709345
20181112T,1.142826223
20181113T,-1.351425463
20181114T,-6.935686011
20181115T,-17.13398283
20181116T,-28.22628919
20181117T,-40.22751216
20181118T,-52.24585272
20181119T,-58.11873713
20181120T,-68.50789209
20181121T,-81.90651261
20181122T,-87.31123307
20181123T,-95.55414539
20181124T,-105.4824972
20181125T,-118.4022579
20181126T,-125.4150746
20181127T,-135.24239
20181128T,-139.4269651
20181129T,-136.2660745
20181130T,-132.8406152
20181201T,-134.2060769
20181202T,-129.1609487
20181203T,-128.1599919
20181204T,-131.9218063
20181205T,-131.5369811
20181206T,-135.7087031
20181207T,-143.6554144
20181208T,-152.690008
20181209T,-159.2095679
20181210T,-158.6461764
20181211T,-161.8296781
20181212T,-166.8008563
20181213T,-167.3756418
20181214T,-172.0886376
20181215T,-179.0162384
20181216T,-185.1026883
20181217T,-185.8395221
20181218T,-179.2987498
20181219T,-167.9683283
20181220T,-153.9994087
20181221T,-135.7444179
20181222T,-123.5161111
20181223T,-107.4017608
20181224T,-89.04541494
20181225T,-71.66394464
20181226T,-61.60290029
20181227T,-51.25112536
20181228T,-47.10253465
20181229T,-38.07840941
20181230T,-32.93082276
20181231T,-29.32341455
20190101T,-30.25089594
20190102T,-26.35107053
20190103T,-17.54339694
20190104T,-13.98355152
20190105T,-8.428398412
20190106T,-3.995032997
20190107T,5.457037113
20190108T,10.15283939
20190109T,14.85855365
20190110T,19.54921409
20190111T,18.50355022
20190112T,18.95855737
20190113T,18.39436321
20190114T,12.8615729
20190115T,14.00829684
20190116T,10.96027184
20190117T,12.04097662
20190118T,15.94634184
20190119T,15.84726491
20190120T,21.22488533
20190121T,21.35819388
20190122T,20.00694923
20190123T,20.99316782
20190124T,19.6729864
20190125T,19.78743386
20190126T,17.92791679
20190127T,15.68995763
20190128T,10.33962027
20190129T,0.4549512446
20190130T,-9.457148014
20190131T,-13.24313962
20190201T,-20.87237924
20190202T,-24.54944969
20190203T,-25.22903017
20190204T,-29.14235881
20190205T,-33.10097549
20190206T,-37.77852036
20190207T,-44.7473611
20190208T,-48.84041562
20190209T,-45.65420763
20190210T,-40.66016125
20190211T,-33.04538328
20190212T,-29.32795368
20190213T,-24.56134408
20190214T,-21.52151864
20190215T,-22.07329279
20190216T,-20.3931257
20190217T,-16.81304969
20190218T,-9.426451944
20190219T,2.577788906
20190220T,13.2700934
20190221T,26.5872308
20190222T,34.18201463
20190223T,45.64621225
20190224T,60.36143767
20190225T,67.38271573
20190226T,78.19056241
20190227T,87.68188603
20190228T,94.7001258
20190301T,100.4687877
20190302T,106.8402172
20190303T,109.9951558
20190304T,110.0842201
20190305T,105.7515165
20190306T,107.3598648
20190307T,108.0397709
20190308T,109.7224592
20190309T,109.3541129
20190310T,113.3339738
20190311T,116.2116525
20190312T,116.432577
20190313T,120.1808721
20190314T,121.9263276
20190315T,124.9506279
20190316T,130.7532191
20190317T,136.4022359
20190318T,139.8917016
20190319T,140.1173039
20190320T,141.5511748
20190321T,144.710946
20190322T,143.0305632
20190323T,143.1202506
20190324T,144.9228996
20190325T,143.3811175
20190326T,137.6875558
20190327T,132.7726902
20190328T,133.8481842
20190329T,133.6400582
20190330T,132.9354777
20190331T,131.5099514
20190401T,132.0751443
20190402T,134.8395759
20190403T,142.5705346
20190404T,147.4092192
20190405T,149.2508159
20190406T,154.8206945
20190407T,156.8504048
20190408T,161.5431225
20190409T,161.9892481
20190410T,158.4023068
20190411T,154.9850279
20190412T,146.4298968
20190413T,141.8246778
20190414T,136.6196597
20190415T,135.9278384
20190416T,130.1982595
20190417T,129.8900458
20190418T,128.6186404
20190419T,129.830063
20190420T,129.8582466
20190421T,129.3746198
20190422T,123.6558134
20190423T,119.9895223
20190424T,113.4964633
20190425T,102.3189831
20190426T,87.09221009
20190427T,75.67942566
20190428T,68.88466535
20190429T,60.47228947
20190430T,49.01891417
20190501T,44.42275123
20190502T,38.61248567
20190503T,34.99321371
20190504T,35.26533763
20190505T,31.66324441
20190506T,26.466706
20190507T,22.33289964
20190508T,15.82839823
20190509T,10.72947504
20190510T,3.557815855
20190511T,1.149825689
20190512T,4.126812484
20190513T,2.293069647
20190514T,5.155321689
20190515T,10.31833809
20190516T,20.62269294
20190517T,27.07137039
20190518T,27.79120027
20190519T,26.80926633
20190520T,31.877234
20190521T,32.5925277
20190522T,36.28270869
20190523T,35.19796741
20190524T,37.8360913
20190525T,41.44407428
20190526T,44.96324687
20190527T,51.28889072
20190528T,60.38243927
20190529T,68.9970786
20190530T,75.75917735
20190531T,76.50354341
20190601T,82.39902619
20190602T,85.36923635
20190603T,91.12348737
20190604T,90.52932208
20190605T,85.61023165
20190606T,84.7179257
20190607T,84.57298199
20190608T,89.26775773
20190609T,90.67701971
20190610T,87.27012113
20190611T,90.06243974
20190612T,90.34112748
20190613T,93.46926737
20190614T,94.81804816
20190615T,95.938733
20190616T,99.1587924
20190617T,102.4577167
20190618T,105.607576
20190619T,105.2142353
20190620T,108.1934253
20190621T,107.2412332
20190622T,107.6324702
20190623T,111.4703831
20190624T,113.6360142
20190625T,117.7610162
20190626T,122.0406554
20190627T,122.9311111
20190628T,117.8193627
20190629T,118.0012886
20190630T,120.7083962
20190701T,117.6609988
20190702T,114.4087365
20190703T,109.6975761
20190704T,109.4626136
20190705T,105.3559751
20190706T,99.35958682
20190707T,94.07744442
20190708T,92.63239296
20190709T,91.67527952
20190710T,88.34013864
20190711T,80.98846001
20190712T,69.7394
20190713T,64.61432421
20190714T,56.0508803
20190715T,43.29044887
20190716T,35.10539527
20190717T,22.27321498
20190718T,16.03190228
20190719T,16.15698792
20190720T,15.12471871
20190721T,19.00807247
20190722T,18.57486708
20190723T,15.65316966
20190724T,8.818420027
20190725T,5.472184508
20190726T,3.025359732
20190727T,3.959765265
20190728T,-0.519549314
20190729T,-2.605198017
20190730T,-3.833834153
20190731T,-4.123581363
20190801T,-1.209129804
20190802T,1.130339442
20190803T,1.966501467
20190804T,4.413155006
20190805T,5.324545523
20190806T,8.518729202
20190807T,6.748730118
20190808T,6.143204766
20190809T,4.236332082
20190810T,-0.7736582083
20190811T,-6.511764099
20190812T,-7.4437183
20190813T,-10.46175303
20190814T,-16.54829645
20190815T,-26.62798208
20190816T,-34.27140586
20190817T,-42.89360865
20190818T,-50.50955647
20190819T,-52.22707657
20190820T,-49.09285335
20190821T,-50.82606071
20190822T,-56.71225519
20190823T,-56.81982268
20190824T,-52.18612625
20190825T,-49.22181766
20190826T,-49.89965721
20190827T,-50.38814422
20190828T,-53.81229238
20190829T,-60.82931008
20190830T,-69.48314615
20190831T,-73.99319274
20190901T,-77.7377491
20190902T,-80.00908852
20190903T,-77.90947077
20190904T,-74.88318272
20190905T,-75.57972301
20190906T,-77.75579883
20190907T,-82.98599714
20190908T,-82.2013192
20190909T,-79.37784545
20190910T,-77.82531865
20190911T,-79.76721412
20190912T,-83.08713117
20190913T,-83.56865707
20190914T,-84.42095092
20190915T,-81.48598989
20190916T,-79.12760074
20190917T,-77.8739725
20190918T,-72.67118298
20190919T,-63.9178745
20190920T,-57.27263887
20190921T,-53.16303169
20190922T,-52.34193489
20190923T,-53.03661992
20190924T,-57.12382502
20190925T,-65.49119873
20190926T,-72.47627974
20190927T,-80.9445751
20190928T,-82.83867723
20190929T,-83.80237366
20190930T,-87.56575472
20191001T,-86.30404924
20191002T,-84.35220329
20191003T,-80.32004647
20191004T,-78.82938464
20191005T,-73.41915434
20191006T,-69.48474414
20191007T,-68.83183219
20191008T,-63.58786579
20191009T,-58.14476768
20191010T,-49.35862743
20191011T,-44.05811688
20191012T,-42.36432225
20191013T,-42.46273871
20191014T,-41.99300358
20191015T,-38.33984751
20191016T,-37.78313232
20191017T,-40.27665765
20191018T,-38.56567101
20191019T,-40.56838156
20191020T,-41.03628965
20191021T,-37.98960211
20191022T,-34.75316874
20191023T,-35.27068484
20191024T,-40.39524017
20191025T,-41.53319126
20191026T,-36.65690597
20191027T,-32.46283001
20191028T,-24.37301339
20191029T,-19.1927876
20191030T,-13.32616309
20191031T,-10.80200081
20191101T,-8.448264537
20191102T,-3.452011187
20191103T,2.378612999
20191104T,5.593471129
20191105T,11.85577499
20191106T,18.89233343
20191107T,26.35569675
20191108T,31.14666141
20191109T,30.62877041
20191110T,31.87439727
20191111T,37.72160376
20191112T,38.37392481
20191113T,39.9813572
20191114T,42.69737262
20191115T,43.44764646
20191116T,40.21345987
20191117T,39.48873056
20191118T,39.71321086
20191119T,35.34814297
20191120T,27.98083673
20191121T,19.18345323
20191122T,6.607340585
20191123T,-8.136704915
20191124T,-15.66061278
20191125T,-26.67368342
20191126T,-35.11492288
20191127T,-37.8150405
20191128T,-35.59299834
20191129T,-33.77361979
20191130T,-28.20761551
20191201T,-27.06607626
20191202T,-27.0131623
20191203T,-28.99128755
20191204T,-30.99606067
20191205T,-34.71359388
20191206T,-34.97694928
20191207T,-32.38566589
20191208T,-29.26662275
20191209T,-24.11194023
20191210T,-23.24255946
20191211T,-25.44145859
20191212T,-28.35274254
20191213T,-28.65855909
20191214T,-27.63517192
20191215T,-30.28043252
20191216T,-30.74916066
20191217T,-34.65460989
20191218T,-42.27892842
20191219T,-42.84475861
20191220T,-44.37275211
20191221T,-43.91575528
20191222T,-44.6638767
20191223T,-41.03863361
20191224T,-41.49229008
20191225T,-40.4311374
20191226T,-42.08012866
20191227T,-44.83804803
20191228T,-45.13031133
20191229T,-44.41297738
20191230T,-39.83602445
20191231T,-38.48198206
20200101T,-40.49029839
20200102T,-39.06338984
20200103T,-41.80649857
20200104T,-38.40125652
20200105T,-31.45620078
20200106T,-24.61932959
20200107T,-15.10914057
20200108T,-6.360815731
20200109T,-0.7076264028
20200110T,2.670956121
20200111T,9.487856913
20200112T,15.51043532
20200113T,24.3237552
20200114T,30.67909244
20200115T,41.00107783
20200116T,51.36293746
20200117T,58.00708028
20200118T,67.6393545
20200119T,74.3783197
20200120T,75.70981087
20200121T,77.81125427
20200122T,82.16049963
20200123T,84.10986943
20200124T,80.99759878
20200125T,79.97318689
20200126T,77.13901631
20200127T,78.97167289
20200128T,84.38530343
20200129T,93.13359853
20200130T,101.2892904
20200131T,111.5975279
20200201T,116.294651
20200202T,122.3707854
20200203T,128.9955939
20200204T,133.6563948
20200205T,137.614665
20200206T,144.9524803
20200207T,153.3431174
20200208T,161.0919642
20200209T,167.7533358
20200210T,176.9516094
20200211T,182.7729427
20200212T,191.3778856
20200213T,202.0197898
20200214T,208.8500865
20200215T,217.7873072
20200216T,219.2812619
20200217T,217.1037544
20200218T,212.2980342
20200219T,212.7692208
20200220T,207.6498067
20200221T,200.4760262
20200222T,197.0816312
20200223T,191.5355829
20200224T,189.9776011
20200225T,183.4372063
20200226T,172.1695501
20200227T,157.5164239
20200228T,148.4419864
20200229T,136.5826999
20200301T,123.6016639
20200302T,110.0264374
20200303T,102.6110541
20200304T,95.29941352
20200305T,90.41303132
20200306T,90.5246769
20200307T,92.209078
20200308T,90.02976306
20200309T,82.75786749
20200310T,72.26817496
20200311T,65.87971448
20200312T,56.12974972
20200313T,42.85444861
20200314T,35.93136144
20200315T,26.17403261
20200316T,21.74221382
20200317T,12.8858652
20200318T,9.39082532
20200319T,7.297179611
20200320T,11.41219415
20200321T,13.01503812
20200322T,16.56196204
20200323T,14.5533397
20200324T,17.90476842
20200325T,24.92228364
20200326T,27.93921526
20200327T,32.92056323
20200328T,34.35658044
20200329T,31.45415977
20200330T,24.45688682
20200331T,24.09350152
20200401T,25.2039071
20200402T,30.56885185
20200403T,40.34460287
20200404T,48.84271449
20200405T,60.10595387
20200406T,65.97706129
20200407T,75.70854034
20200408T,80.79197974
20200409T,89.37592805
20200410T,96.10989172
20200411T,96.62844873
20200412T,94.83024023
20200413T,97.26018829
20200414T,95.49306045
20200415T,93.84626835
20200416T,87.71059729
20200417T,87.76761306
20200418T,87.219091
20200419T,90.75557669
20200420T,90.36706159
20200421T,84.52461339
20200422T,78.24826462
20200423T,77.03231262
20200424T,79.44907961
20200425T,85.65973751
20200426T,93.48311884
20200427T,102.8462618
20200428T,109.6790852
20200429T,118.5143214
20200430T,130.7174442
20200501T,136.6390944
20200502T,145.6604775
20200503T,155.0870251
20200504T,158.6128557
20200505T,160.7759441
20200506T,160.0630725
20200507T,158.9948194
20200508T,160.6280565
20200509T,162.2629014
20200510T,159.9909468
20200511T,152.6900384
20200512T,143.125879
20200513T,139.0744609
20200514T,138.3566936
20200515T,138.6927866
20200516T,135.9282497
20200517T,134.3264969
20200518T,134.9269333
20200519T,137.6072393
20200520T,138.3524322
20200521T,136.6393775
20200522T,130.9330864
20200523T,130.1411096
20200524T,128.8548314
20200525T,122.8523568
20200526T,121.6475468
20200527T,118.6507641
20200528T,119.0368285
20200529T,122.113297
20200530T,123.5746786
20200531T,128.8478539
20200601T,128.4537471
20200602T,132.3160846
20200603T,130.7983702
20200604T,132.6883
20200605T,136.1823161
20200606T,137.5303557
20200607T,138.2368454
20200608T,138.5912773
20200609T,138.8429278
20200610T,140.9054418
20200611T,143.8059315
20200612T,140.8083881
20200613T,142.3830141
20200614T,145.4589718
20200615T,143.9031882
20200616T,139.6950449
20200617T,138.2401746
20200618T,136.6466272
20200619T,132.8424785
20200620T,125.6672865
20200621T,121.2457284
20200622T,116.5006351
20200623T,115.7026447
20200624T,115.8834172
20200625T,111.3001281
20200626T,103.7664828
20200627T,94.24795114
20200628T,83.17993435
20200629T,77.04244785
20200630T,74.15125216
20200701T,68.9500911
20200702T,67.39991546
20200703T,65.17908322
20200704T,61.29594376
20200705T,61.21094731
20200706T,57.37378813
20200707T,58.34771561
20200708T,59.73025253
20200709T,64.45523786
20200710T,67.01439164
20200711T,66.80896368
20200712T,69.14084547
20200713T,70.33046769
20200714T,70.13750987
20200715T,70.26341089
20200716T,69.56130673
20200717T,66.25476866
20200718T,64.63797227
20200719T,64.67398902
20200720T,64.42298091
20200721T,62.42782159
20200722T,63.65138877
20200723T,68.12084929
20200724T,71.3432013
20200725T,71.28316377
20200726T,73.41698339
20200727T,73.91588176
20200728T,74.21442797
20200729T,75.74018036
20200730T,76.50756527
20200731T,78.22270905
20200801T,80.73961095
20200802T,85.92943154
20200803T,86.77864851
20200804T,90.91240328
20200805T,94.93376911
20200806T,100.8389356
20200807T,106.8252257
20200808T,109.6509452
20200809T,115.1602481
20200810T,119.7364684
20200811T,126.3920219
20200812T,127.7921276
20200813T,133.8918248
20200814T,141.0791743
20200815T,146.5605298
20200816T,150.6558536
20200817T,156.9456437
20200818T,161.8802536
20200819T,162.7315112
20200820T,158.3872465
20200821T,158.0225314
20200822T,154.1621549
20200823T,154.0322897
20200824T,152.292661
20200825T,153.0853827
20200826T,149.4393003
20200827T,149.5162709
20200828T,145.176067
20200829T,145.6808798
20200830T,147.9256578
20200831T,150.7468823
20200901T,152.1468623
20200902T,153.9246784
20200903T,150.6166553
20200904T,142.9767798
20200905T,135.9713699
20200906T,124.243455
20200907T,118.3364381
20200908T,111.3358239
20200909T,101.7351872
20200910T,97.85953439
20200911T,96.59812109
20200912T,95.97818962
20200913T,97.40982478
20200914T,93.78839124
20200915T,93.56469111
20200916T,89.54717157
20200917T,86.40602402
20200918T,82.72988026
20200919T,78.01469546
20200920T,76.03470649
20200921T,70.1032099
20200922T,60.62283179
20200923T,53.65556186
20200924T,42.77183578
20200925T,38.59395831
20200926T,37.3704708
20200927T,38.37910415
20200928T,36.89115765
20200929T,34.97607512
20200930T,35.4053667
20201001T,35.33695168
20201002T,31.5433396
20201003T,24.18365208
20201004T,17.81176851
20201005T,13.71631673
20201006T,10.6876914
20201007T,2.686345789
20201008T,-1.826668917
20201009T,-0.6345956311
20201010T,5.829367522
20201011T,12.3684767
20201012T,20.33914017
20201013T,28.49392926
20201014T,32.7653718
20201015T,33.69519582
20201016T,31.8632869
20201017T,26.37925586
20201018T,23.90008055
20201019T,24.40245277
20201020T,23.25153628
20201021T,17.89281251
20201022T,18.06320714
20201023T,22.46014603
20201024T,24.64879556
20201025T,28.03841445
20201026T,27.73791405
20201027T,24.08386414
20201028T,22.18079967
20201029T,15.88434307
20201030T,7.663018471
20201031T,-1.962961637
20201101T,-9.741792305
20201102T,-14.60241605
20201103T,-23.04366975
20201104T,-32.40415581
20201105T,-40.30378309
20201106T,-42.41487798
20201107T,-38.86622221
20201108T,-39.6962229
20201109T,-35.16582486
20201110T,-33.8749379
20201111T,-28.56028734
20201112T,-23.83189216
20201113T,-22.4283873
20201114T,-16.5746812
20201115T,-14.54532156
20201116T,-15.49592494
20201117T,-12.18964369
20201118T,-5.360257492
20201119T,-2.452763487
20201120T,-0.7130247808
20201121T,5.819584453
20201122T,15.71743494
20201123T,21.44307745
20201124T,30.77285392
20201125T,41.03751605
20201126T,46.35018211
20201127T,46.50232819
20201128T,45.74146897
20201129T,49.2037945
20201130T,54.45963138
20201201T,63.32264127
20201202T,66.92546903
20201203T,74.91282693
20201204T,83.00902133
20201205T,84.65778994
20201206T,91.28576567
20201207T,95.23782361
20201208T,96.28221154
20201209T,91.63531968
20201210T,90.34561806
20201211T,84.5327626
20201212T,75.28167488
20201213T,72.23715403
20201214T,73.11447044
20201215T,73.74057113
20201216T,75.44875189
20201217T,80.77357019
20201218T,84.0639895
20201219T,89.99854559
20201220T,94.96416582
20201221T,95.67651781
20201222T,92.04876369
20201223T,90.42835761
20201224T,83.83233614
20201225T,83.71514362
20201226T,84.43793581
20201227T,84.77530097
20201228T,86.48143919
20201229T,91.34934769
20201230T,92.79623024
20201231T,93.21090118
20210101T,93.24095784
20210102T,95.24201902
20210103T,96.21828374
20210104T,99.81346618
20210105T,103.2298473
20210106T,109.7762715
20210107T,119.2661504
20210108T,126.8252335
20210109T,131.595691
20210110T,139.0580211
20210111T,142.3845909
20210112T,139.7584525
20210113T,135.6558795
20210114T,137.0114677
20210115T,138.9270058
20210116T,138.5117233
20210117T,140.1056657
20210118T,141.5095256
20210119T,145.0438458
20210120T,145.6820378
20210121T,145.8408493
20210122T,139.9889964
20210123T,139.9272847
20210124T,140.5164522
20210125T,143.2591758
20210126T,142.029476
20210127T,140.7095029
20210128T,134.8189459
20210129T,134.5499924
20210130T,135.1888547
20210131T,136.5007053
20210201T,134.8814015
20210202T,136.9640572
20210203T,141.1014751
20210204T,148.1750276
20210205T,152.5236073
20210206T,160.6205924
20210207T,164.6819793
20210208T,166.3726226
20210209T,172.1278271
20210210T,181.1294553
20210211T,189.4617677
20210212T,199.5801535
20210213T,211.47504
20210214T,221.3293603
20210215T,226.0897249
20210216T,226.3709556
20210217T,225.9211205
20210218T,228.3484734
20210219T,231.6236853
20210220T,235.6074405
20210221T,236.2770816
20210222T,238.6098068
20210223T,235.5528053
20210224T,226.9028726
20210225T,223.1142332
20210226T,214.2009429
20210227T,203.7506425
20210228T,196.73845
20210301T,185.7009006
20210302T,180.9768589
20210303T,174.4744865
20210304T,172.5841532
20210305T,167.7465649
20210306T,162.4132616
20210307T,158.1827885
20210308T,157.9163876
20210309T,159.6406004
20210310T,165.4581669
20210311T,167.1464629
20210312T,168.2957912
20210313T,165.9785554
20210314T,167.7089936
20210315T,165.2915407
20210316T,160.5397284
20210317T,157.9157977
20210318T,158.3243255
20210319T,156.6235626
20210320T,158.5278601
20210321T,158.2049626
20210322T,155.979428
20210323T,150.4382663
20210324T,144.6899492
20210325T,135.2932559
20210326T,124.0241843
20210327T,119.8105747
20210328T,115.4504531
20210329T,112.4868644
20210330T,113.9321293
20210331T,116.1397376
20210401T,117.4881116
20210402T,120.1950983
20210403T,125.1501639
20210404T,125.4025617
20210405T,131.0329166
20210406T,136.7332729
20210407T,141.6649787
20210408T,139.2148298
20210409T,130.4654458
20210410T,122.4739628
20210411T,115.1704426
20210412T,109.291648
20210413T,101.960388
20210414T,96.72392625
20210415T,92.70469934
20210416T,92.94630434
20210417T,92.02971261
20210418T,89.42744564
20210419T,82.09693766
20210420T,71.76043617
20210421T,66.20549273
20210422T,57.66655614
20210423T,45.71900009
20210424T,33.41681218
20210425T,18.17292498
20210426T,6.090104306
20210427T,1.770409627
20210428T,3.509786144
20210429T,2.22097165
20210430T,-1.150502084
20210501T,1.214207899
20210502T,5.671531411
20210503T,7.095752872
20210504T,10.31955097
20210505T,8.665868109
20210506T,12.85020744
20210507T,16.00513404
20210508T,19.56413813
20210509T,22.05083345
20210510T,22.7082713
20210511T,19.19840682
20210512T,21.64304817
20210513T,18.9665688
20210514T,20.02491361
20210515T,26.17124137
20210516T,26.73706292
20210517T,27.02872254
20210518T,22.38451542
20210519T,22.14336327
20210520T,16.16802888
20210521T,16.91984535
20210522T,12.61961672
20210523T,4.621390668
20210524T,-7.89863204
20210525T,-12.52219078
20210526T,-17.17115503
20210527T,-14.81859618
20210528T,-16.89149786
20210529T,-23.33780379
20210530T,-33.39113883
20210531T,-37.07821708
20210601T,-33.70371038
20210602T,-33.60842109
20210603T,-27.91733912
20210604T,-17.17030983
20210605T,-12.65418072
20210606T,-13.18805191
20210607T,-9.137003999
20210608T,-11.1861055
20210609T,-14.34058925
20210610T,-11.62440238
20210611T,-13.70237309
20210612T,-19.26895866
20210613T,-26.29047702
20210614T,-26.62085531
20210615T,-22.02865696
20210616T,-20.25061657
20210617T,-22.88757144
20210618T,-24.08616248
20210619T,-30.04895949
20210620T,-38.75533862
20210621T,-44.26394856
20210622T,-54.71092281
20210623T,-65.72796366
20210624T,-69.27732626
20210625T,-68.12407713
20210626T,-72.25586122
20210627T,-72.6856898
20210628T,-67.24819727
20210629T,-58.92133266
20210630T,-45.66568923
20210701T,-31.36221814
20210702T,-23.73437175
20210703T,-15.95232372
20210704T,-4.377343511
20210705T,9.782718798
20210706T,17.88222599
20210707T,28.85946103
20210708T,37.9422672
20210709T,40.35992265
20210710T,46.06678597
20210711T,47.05738769
20210712T,53.01063273
20210713T,52.9771716
20210714T,48.22524399
20210715T,43.46278718
20210716T,34.81514019
20210717T,22.98889382
20210718T,14.00407622
20210719T,8.393604315
20210720T,-1.903749674
20210721T,-14.85690107
20210722T,-19.81599349
20210723T,-18.71537003
20210724T,-12.43919261
20210725T,-2.46929743
20210726T,7.108876949
20210727T,18.00423917
20210728T,32.0713202
20210729T,43.17988538
20210730T,57.10337671
20210731T,73.66401242
20210801T,89.89660341
20210802T,100.3675532
20210803T,111.059945
20210804T,116.3882078
20210805T,125.903499
20210806T,136.751123
20210807T,150.0836534
20210808T,165.3741161
20210809T,172.7621587
20210810T,184.2566918
20210811T,196.3048017
20210812T,210.1659791
20210813T,217.5080235
20210814T,228.5394988
20210815T,236.0702802
20210816T,239.5703144
20210817T,239.0065596
20210818T,233.671084
20210819T,228.3824644
20210820T,228.0603499
20210821T,231.8862077
20210822T,231.3394526
20210823T,232.1568473
20210824T,235.536503
20210825T,231.8899937
20210826T,234.1543457
20210827T,229.8611625
20210828T,230.9827525
20210829T,229.3283658
20210830T,225.9087908
20210831T,217.5970778
20210901T,212.9441452
20210902T,213.2427347
20210903T,211.9733825
20210904T,212.769787
20210905T,214.6284315
20210906T,219.5859978
20210907T,221.4683546
20210908T,217.0119954
20210909T,212.0583158
20210910T,210.6041956
20210911T,204.1494695
20210912T,201.1514988
20210913T,201.6240438
20210914T,197.3615172
20210915T,197.5718168
20210916T,201.3053314
20210917T,200.2325272
20210918T,193.5556846
20210919T,191.4207732
20210920T,184.9798876
20210921T,173.2895985
20210922T,157.6695208
20210923T,149.5675744
20210924T,146.5341398
20210925T,138.84945
20210926T,128.2263605
20210927T,117.2440547
20210928T,102.8095305
20210929T,85.19553216
20210930T,74.25115343
20211001T,69.56402137
20211002T,70.95027087
20211003T,74.32233035
20211004T,79.47539707
20211005T,80.12545964
20211006T,83.92220336
20211007T,85.29037574
20211008T,85.77527876
20211009T,85.80256196
20211010T,88.53844381
20211011T,85.57649808
20211012T,82.35771951
20211013T,75.93544275
20211014T,74.40628643
20211015T,74.26839385
20211016T,73.32072124
20211017T,72.18542507
20211018T,68.39538724
20211019T,62.55449547
20211020T,58.48932805
20211021T,60.26273077
20211022T,58.41924397
20211023T,58.19253404
20211024T,60.74930191
20211025T,59.47315943
20211026T,63.22625934
20211027T,65.86059597
20211028T,63.02521833
20211029T,65.82741188
20211030T,71.93571781
20211031T,75.54020831
20211101T,79.08591416
20211102T,82.96363061
20211103T,90.60582754
20211104T,97.52844429
20211105T,100.7012069
20211106T,102.1519804
20211107T,102.8231994
20211108T,106.2245431
20211109T,111.2431368
20211110T,114.7193863
20211111T,112.6595501
20211112T,115.07666
20211113T,112.8094731
20211114T,113.0485485
20211115T,112.4292828
20211116T,108.4792316
20211117T,100.2011093
20211118T,94.66387662
20211119T,84.99779084
20211120T,82.14986606
20211121T,82.24570856
20211122T,80.15799287
20211123T,73.8137735
20211124T,72.16196459
20211125T,67.63042567
20211126T,67.65937528
20211127T,62.08739783
20211128T,61.25448764
20211129T,62.6776445
20211130T,66.62262291
20211201T,67.50403386
20211202T,66.76168756
20211203T,62.93474055
20211204T,54.88959468
20211205T,42.67811449
20211206T,27.96547588
20211207T,19.38791
20211208T,12.39871914
20211209T,9.902534876
20211210T,2.86035217
20211211T,-7.433448289
20211212T,-11.15591292
20211213T,-11.84127311
20211214T,-17.92648218
20211215T,-17.89813602
20211216T,-12.64284185
20211217T,-11.14478361
20211218T,-12.36665238
20211219T,-9.207949402
20211220T,-9.219651094
20211221T,-11.84199027
20211222T,-8.483312797
20211223T,-2.827659479
20211224T,7.963629921
20211225T,14.59193172
20211226T,23.72773762
20211227T,33.56178049
20211228T,42.24364576
20211229T,44.59698985
20211230T,42.62768162
20211231T,45.77235218
20220101T,45.17375127
20220102T,50.27764625
20220103T,56.13165574
20220104T,58.29774309
20220105T,58.19982658
20220106T,53.06667634
20220107T,47.55406703
20220108T,37.84458324
20220109T,25.7953192
20220110T,19.50578937
20220111T,9.572279929
20220112T,6.372835476
20220113T,9.547013806
20220114T,7.654768724
20220115T,10.44019285
20220116T,15.11109703
20220117T,18.77073214
20220118T,16.74743401
20220119T,12.47534445
20220120T,4.801898673
20220121T,-6.341339444
20220122T,-21.09553382
20220123T,-39.06332483
20220124T,-48.288902
20220125T,-60.49375846
20220126T,-68.68487442
20220127T,-74.30328668
20220128T,-80.59394521
20220129T,-81.22792102
20220130T,-76.72226321
20220131T,-75.34474695
20220201T,-69.5486793
20220202T,-61.10373055
20220203T,-58.5362132
20220204T,-53.90673728
20220205T,-43.83743417
20220206T,-31.06742532
20220207T,-15.25216311
20220208T,3.787714404
20220209T,16.98943862
20220210T,32.03353316
20220211T,39.67763383
20220212T,40.85651925
20220213T,41.50175121
20220214T,37.78748329
20220215T,35.96441432
20220216T,40.46743579
20220217T,41.75674949
20220218T,37.09189647
20220219T,29.65955517
20220220T,22.8981731
20220221T,11.44426808
20220222T,-3.76447454
20220223T,-11.20755959
20220224T,-22.57379199
20220225T,-33.23748422
20220226T,-36.34718614
20220227T,-37.48267784
20220228T,-43.12454233
20220301T,-41.79114625
20220302T,-38.10056935
20220303T,-37.41305574
20220304T,-40.19659881
20220305T,-47.43397762
20220306T,-48.4431991
20220307T,-54.32229996
20220308T,-61.73575218
20220309T,-63.32400754
20220310T,-58.52377833
20220311T,-58.28539595
20220312T,-61.94858451
20220313T,-62.8293003
20220314T,-67.62659828
20220315T,-65.94858754
20220316T,-65.24257791
20220317T,-58.07115927
20220318T,-52.30767302
20220319T,-41.9767864
20220320T,-28.99242689
20220321T,-21.60426986
20220322T,-12.63780673
20220323T,-0.566724208
20220324T,14.49845249
20220325T,30.94825381
20220326T,42.29966019
20220327T,56.63518186
20220328T,74.5504445
20220329T,87.33680934
20220330T,102.6740348
20220331T,117.7155598
20220401T,126.7290535
20220402T,139.1435128
20220403T,147.8037255
20220404T,158.8107562
20220405T,164.6692812
20220406T,163.6965412
20220407T,157.2879333
20220408T,156.5637014
20220409T,150.6032321
20220410T,150.2955822
20220411T,144.9226312
20220412T,134.5457124
20220413T,130.3422858
20220414T,131.4382121
20220415T,127.7596056
20220416T,128.6171665
20220417T,128.1488628
20220418T,122.6492863
20220419T,122.0754695
20220420T,126.0160463
20220421T,125.9967267
20220422T,121.0917924
20220423T,114.8341821
20220424T,105.5513218
20220425T,93.82828728
20220426T,84.6775188
20220427T,71.17179167
20220428T,64.61010353
20220429T,57.01837717
20220430T,45.08392676
20220501T,29.49611954
20220502T,20.96263129
20220503T,11.00325319
20220504T,-0.7254638307
20220505T,-4.708322051
20220506T,-13.4485567
20220507T,-23.31264703
20220508T,-36.68831351
20220509T,-51.89949927
20220510T,-70.40399808
20220511T,-81.73175706
20220512T,-96.26676468
20220513T,-111.6712949
20220514T,-119.0422442
20220515T,-119.8076271
20220516T,-114.4214239
20220517T,-114.9025454
20220518T,-108.6978242
20220519T,-108.4077308
20220520T,-101.4760948
20220521T,-99.6005981
20220522T,-92.85747788
20220523T,-81.28625518
20220524T,-75.14486099
20220525T,-66.37667713
20220526T,-62.20642903
20220527T,-63.28826724
20220528T,-68.25523006
20220529T,-66.71913961
20220530T,-60.33061906
20220531T,-48.72521337
20220601T,-40.21739793
20220602T,-38.10056123
20220603T,-30.85859552
20220604T,-29.87085435
20220605T,-25.43541386
20220606T,-22.37436765
20220607T,-14.30373379
20220608T,-10.89025566
20220609T,-11.47571306
20220610T,-12.97733306
20220611T,-19.65476398
20220612T,-30.32412608
20220613T,-43.95324253
20220614T,-60.44480336
20220615T,-72.10129634
20220616T,-76.26552385
20220617T,-85.20304323
20220618T,-86.97703956
20220619T,-92.61735372
20220620T,-90.73516804
20220621T,-84.43065592
20220622T,-75.47657727
20220623T,-71.50188962
20220624T,-61.70445472
20220625T,-47.77755809
20220626T,-33.88960616
20220627T,-26.40439172
20220628T,-20.13094389
20220629T,-19.42492377
20220630T,-21.58258443
20220701T,-25.97790385
20220702T,-32.26444493
20220703T,-35.23654781
20220704T,-36.35994551
20220705T,-31.39708331
20220706T,-30.65528319
20220707T,-25.02620016
20220708T,-14.44663565
20220709T,-8.587307304
20220710T,0.7069224858
20220711T,4.491521859
20220712T,2.34646423
20220713T,-3.857724848
20220714T,-2.801450371
20220715T,3.057239075
20220716T,10.89269987
20220717T,23.17912287
20220718T,30.50968643
20220719T,42.66633736
20220720T,56.38850974
20220721T,62.68059208
20220722T,72.78848705
20220723T,77.50836232
20220724T,81.69788138
20220725T,84.81299829
20220726T,81.69392577
20220727T,78.96021665
20220728T,82.16966179
20220729T,90.14445658
20220730T,96.75375137
20220731T,102.3624972
20220801T,104.5877299
20220802T,107.1089327
20220803T,105.3705839
20220804T,102.6990104
20220805T,102.5428874
20220806T,107.8382554
20220807T,108.8681712
20220808T,111.4459759
20220809T,117.9343366
20220810T,118.5337808
20220811T,124.1952042
20220812T,126.6563127
20220813T,133.4688464
20220814T,137.067786
20220815T,135.301108
20220816T,130.2556602
20220817T,122.5320916
20220818T,110.9573475
20220819T,95.74772207
20220820T,77.30632123
20220821T,60.99395942
20220822T,52.3834878
20220823T,41.80118463
20220824T,37.08587702
20220825T,31.01042714
20220826T,28.90243287
20220827T,21.59715312
20220828T,16.58472069
20220829T,7.657734872
20220830T,6.228440838
20220831T,0.5168197506
20220901T,-2.927632862
20220902T,-3.316434166
20220903T,-5.390709595
20220904T,-7.695694023
20220905T,-5.086409723
20220906T,-4.088472082
20220907T,-8.673225524
20220908T,-6.908256073
20220909T,-2.823098396
20220910T,6.525394425
20220911T,16.72729633
20220912T,23.90785349
20220913T,28.26925812
20220914T,26.79848029
20220915T,29.24854037
20220916T,26.73866655
20220917T,26.60059861
20220918T,31.49111505
20220919T,30.15661855
20220920T,33.40640846
20220921T,32.55951431
20220922T,28.21418975
20220923T,29.79943382
20220924T,32.84738785
20220925T,31.23071912
20220926T,26.03388127
20220927T,25.20198303
20220928T,22.10626762
20220929T,19.59046713
20220930T,20.48307289
20221001T,17.58540297
20221002T,12.16153569
20221003T,3.304888995
20221004T,0.9574991456
20221005T,4.387260844
20221006T,4.139338307
20221007T,1.148235362
20221008T,-2.373331317
20221009T,-8.330836655
20221010T,-9.34128202
20221011T,-14.81693888
20221012T,-22.48297329
20221013T,-27.48345032
20221014T,-33.97987342
20221015T,-41.12284829
20221016T,-47.78291004
20221017T,-48.79678078
20221018T,-44.17808883
20221019T,-43.46664926
20221020T,-47.19946767
20221021T,-52.21346255
20221022T,-53.59779335
20221023T,-53.4718397
20221024T,-47.85522261
20221025T,-47.27217137
20221026T,-40.99573419
20221027T,-30.28283422
20221028T,-25.53032305
20221029T,-16.59770687
20221030T,-6.035763992
20221031T,0.8664435077
20221101T,6.005066218
20221102T,7.81013082
20221103T,5.655977916
20221104T,8.127464809
20221105T,15.94151629
20221106T,21.88439025
20221107T,21.29769304
20221108T,21.23114598
20221109T,15.50966003
20221110T,5.08180876
20221111T,2.182154394
20221112T,-4.666393345
20221113T,-14.95700218
20221114T,-26.93912021
20221115T,-33.607568
20221116T,-35.19948551
20221117T,-40.04301004
20221118T,-45.84244095
20221119T,-47.13017465
20221120T,-46.25396858
20221121T,-50.53197503
20221122T,-56.89544316
20221123T,-57.31016367
20221124T,-51.43663138
20221125T,-46.61601059
20221126T,-43.81973225
20221127T,-41.1682481
20221128T,-39.95382039
20221129T,-42.87414808
20221130T,-40.91509
20221201T,-33.59395237
20221202T,-29.92484243
20221203T,-22.0965617
20221204T,-20.55133135
20221205T,-13.98583522
20221206T,-10.66083935
20221207T,-7.223096162
20221208T,-9.206142742
20221209T,-5.114049338
20221210T,-4.348171716
20221211T,-1.830037974
20221212T,-3.42631592
20221213T,-5.932434468
20221214T,-5.003936139
20221215T,-6.543482872
20221216T,-11.4855104
20221217T,-20.71194887
20221218T,-24.95542649
20221219T,-30.81725522
20221220T,-40.83346499
20221221T,-43.5515895
20221222T,-49.21626049
20221223T,-51.67190538
20221224T,-53.87155471
20221225T,-55.7413296
20221226T,-59.71971296
20221227T,-59.68106466
20221228T,-62.60804752
20221229T,-69.75601012
20221230T,-75.17717057
20221231T,-81.89480939
20230101T,-86.78734902
20230102T,-86.79496614
20230103T,-81.32593643
20230104T,-76.60171883
20230105T,-66.93793667
20230106T,-61.59914573
20230107T,-53.08491623
20230108T,-45.29825791
20230109T,-32.47260624
20230110T,-16.50274352
20230111T,0.8755703406
20230112T,19.77121836
20230113T,40.76970883
20230114T,64.66113716
20230115T,90.30657021
20230116T,112.4234501
20230117T,129.5128327
20230118T,143.0182582
20230119T,148.8918732
20230120T,158.7109222
20230121T,172.254222
20230122T,180.4140397
20230123T,189.7301812
20230124T,200.0883987
20230125T,203.4858003
20230126T,211.2147171
20230127T,216.8084349
20230128T,224.548589
20230129T,227.5852453
20230130T,234.5852277
20230131T,234.5388541
20230201T,238.8680779
20230202T,247.2167913
20230203T,252.0604249
20230204T,257.782997
20230205T,260.2284486
20230206T,256.7597351
20230207T,249.2517538
20230208T,247.5277386
20230209T,241.3576344
20230210T,230.7169747
20230211T,221.3071933
20230212T,217.0968617
20230213T,209.5531114
20230214T,198.7970069
20230215T,193.9481199
20230216T,194.9741486
20230217T,189.8180998
20230218T,190.7021551
20230219T,192.4460792
20230220T,192.2164714
20230221T,195.8006418
20230222T,194.8276719
20230223T,190.6632117
20230224T,184.8908498
20230225T,174.2725936
20230226T,161.564189
20230227T,155.2322497
20230228T,145.8838479
20230301T,133.2031126
20230302T,127.5366359
20230303T,117.3956827
20230304T,103.4797567
20230305T,87.50580879
20230306T,68.85212177
20230307T,53.60052628
20230308T,37.03397702
20230309T,17.42597503
20230310T,-4.984429029
20230311T,-23.77883484
20230312T,-44.98759012
20230313T,-56.65457041
20230314T,-60.5049982
20230315T,-58.65302145
20230316T,-61.53474871
20230317T,-58.64938425
20230318T,-49.74758321
20230319T,-46.64623788
20230320T,-38.41978892
20230321T,-36.3525086
20230322T,-28.96165387
20230323T,-27.25609729
20230324T,-20.71999841
20230325T,-19.58646636
20230326T,-21.77779661
20230327T,-17.90092748
20230328T,-19.45513222
20230329T,-14.74513409
20230330T,-5.802792505
20230331T,-1.886508972
20230401T,6.912913509
20230402T,15.04342268
20230403T,17.76135842
20230404T,20.3379542
20230405T,26.88082134
20230406T,35.58213615
20230407T,39.58541715
20230408T,40.35186284
20230409T,37.9469821
20230410T,38.84264167
20230411T,44.75578492
20230412T,49.12931098
20230413T,50.66459672
20230414T,57.56551057
20230415T,68.01953187
20230416T,77.45918994
20230417T,88.88436915
20230418T,94.25004305
20230419T,103.6080115
20230420T,105.532602
20230421T,101.9920314
20230422T,93.69645092
20230423T,91.87681484
20230424T,84.70320944
20230425T,76.58782829
20230426T,74.10780578
20230427T,68.15841502
20230428T,67.37246136
20230429T,64.30517619
20230430T,64.102689
20230501T,59.25061653
20230502T,50.147409
20230503T,45.35499703
20230504T,44.57227733
20230505T,39.82175811
20230506T,40.0025229
20230507T,34.9986317
20230508T,27.08687909
20230509T,15.02846372
20230510T,5.684943773
20230511T,1.309377019
20230512T,-7.796711926
20230513T,-11.4018669
20230514T,-17.18569755
20230515T,-17.80337675
20230516T,-15.50090807
20230517T,-13.3132253
20230518T,-7.134622879
20230519T,-6.474677183
20230520T,-5.036482711
20230521T,-2.840076508
20230522T,-6.306381307
20230523T,-7.696972487
20230524T,-4.305875569
20230525T,-6.44339081
20230526T,-8.897181871
20230527T,-7.309119804
20230528T,-1.373213622
20230529T,9.350419748
20230530T,15.2139417
20230531T,19.99275077
20230601T,19.72023629
20230602T,17.73020274
20230603T,21.78164056
20230604T,23.57827921
20230605T,25.43808137
20230606T,21.54258933
20230607T,23.6457982
20230608T,19.86738031
20230609T,19.07906363
20230610T,16.35122507
20230611T,8.578734486
20230612T,2.031928881
20230613T,-3.13418204
20230614T,-6.493968451
20230615T,-14.19254848
20230616T,-17.76230414
20230617T,-16.08406619
20230618T,-11.0271849
20230619T,-10.80684796
20230620T,-6.62285812
20230621T,2.929135
20230622T,16.52301096
20230623T,24.30472736
20230624T,36.57813877
20230625T,45.23058234
20230626T,55.1438362
20230627T,59.38551659
20230628T,66.15679325
20230629T,66.05701834
20230630T,70.38299322
20230701T,79.27135429
20230702T,98.71611375
20230703T,117.68937
20230704T,137.1646248
20230705T,149.3717121
20230706T,153.9034806
20230707T,152.2501928
20230708T,154.0169483
20230709T,154.199007
20230710T,150.6252397
20230711T,148.35811
20230712T,147.019491
20230713T,143.9814419
20230714T,146.4055702
20230715T,143.5877395
20230716T,140.5021231
20230717T,133.702978
20230718T,129.6627616
20230719T,121.8016302
20230720T,115.2129223
20230721T,109.2450799
20230722T,106.1379168
20230723T,99.29217023
20230724T,96.8841636
20230725T,89.18246463
20230726T,81.19316721
20230727T,76.99791959
20230728T,71.96756079
20230729T,71.24833373
20230730T,73.31872044
20230731T,70.86387499
20230801T,65.45223028
20230802T,64.53958041
20230803T,57.97813438
20230804T,49.81977487
20230805T,40.83684613
20230806T,33.99382535
20230807T,27.51464097
20230808T,20.37893263
20230809T,18.61757485
20230810T,15.2600936
20230811T,10.45471417
20230812T,5.035408704
20230813T,2.318293004
20230814T,-2.87486487
20230815T,-5.459073012
20230816T,-12.79970809
20230817T,-24.27038503
20230818T,-39.11489437
20230819T,-48.46980787
20230820T,-51.58434236
20230821T,-51.84778012
20230822T,-56.17221298
20230823T,-61.44717451
20230824T,-60.10846322
20230825T,-62.92175524
20230826T,-66.47094362
20230827T,-70.43157745
20230828T,-71.02419398
20230829T,-71.93419262
20230830T,-66.31100298
20230831T,-65.63005331
20230901T,-69.77812356
20230902T,-76.63426549
20230903T,-80.671528
20230904T,-83.77846228
20230905T,-86.17443127
20230906T,-85.15054509
20230907T,-83.40780216
20230908T,-77.15915042
20230909T,-75.38918993
20230910T,-74.75736023
20230911T,-79.10179153
20230912T,-86.77920382
20230913T,-89.46792779
20230914T,-86.67787963
20230915T,-80.41743153
20230916T,-69.42109374
20230917T,-58.93055195
20230918T,-53.72491844
20230919T,-45.16390968
20230920T,-32.07686012
20230921T,-22.38548094
20230922T,-18.44585682
20230923T,-12.34368139
20230924T,-6.823035482
20230925T,-6.327200536
20230926T,-2.630058138
20230927T,-1.914283582
20230928T,-2.051157403
20230929T,2.783638783
20230930T,9.645038844
20231001T,17.30487822
20231002T,29.10908401
20231003T,44.59770205
20231004T,54.25904948
20231005T,62.38977381
20231006T,64.87116175
20231007T,71.90996015
20231008T,75.7101505
20231009T,75.72233
20231010T,70.29569935
20231011T,64.34601916
20231012T,56.37888002
20231013T,46.92664916
20231014T,43.35192605
20231015T,42.72034568
20231016T,44.30831025
20231017T,50.08604592
20231018T,51.31714721
20231019T,49.35472058
20231020T,46.67163973
20231021T,49.78581492
20231022T,57.44107315
20231023T,67.24068109
20231024T,81.22470998
20231025T,94.21649865
20231026T,107.694963
20231027T,118.7221427
20231028T,125.1983382
20231029T,134.5510611
20231030T,146.0164514
20231031T,157.7308454
20231101T,164.6995655
20231102T,174.8758909
20231103T,180.0438372
20231104T,184.9037796
20231105T,192.876079
20231106T,201.4695821
20231107T,212.1512468
20231108T,217.4648815
20231109T,225.5622822
20231110T,231.1993159
20231111T,238.5045507
20231112T,243.6995712
20231113T,248.8643834
20231114T,248.3775434
20231115T,244.860975
20231116T,246.6715716
20231117T,242.3278414
20231118T,238.1438804
20231119T,232.4174419
20231120T,231.3008172
20231121T,226.7311666
20231122T,216.432027
20231123T,212.38567
20231124T,207.6056739
20231125T,206.7223164
20231126T,208.4750017
20231127T,205.7727401
20231128T,198.3750103
20231129T,194.7996437
20231130T,189.0102746
20231201T,183.6568802
20231202T,182.7030111
20231203T,186.5155054
20231204T,187.5841781
20231205T,190.7015398
20231206T,194.554944
20231207T,194.2183973
20231208T,196.8011254
20231209T,202.2669198
20231210T,205.070407
20231211T,209.6836039
20231212T,208.5210369
20231213T,208.7260044
20231214T,211.699189
20231215T,215.9243335
20231216T,213.8987779
20231217T,214.9390015
20231218T,210.3952651
20231219T,205.0999618
20231220T,197.5885451
20231221T,194.8199086
20231222T,195.3201924
20231223T,197.4129016
20231224T,198.2566709
20231225T,196.8283779
20231226T,198.964613
20231227T,198.2378385
20231228T,198.6668245
20231229T,194.881841
20231230T,188.6128384
20231231T,181.1513445
20240101T,171.3075781
20240102T,167.7761873
20240103T,162.0595349
20240104T,152.4030668
20240105T,148.0263388
20240106T,139.5856722
20240107T,127.3125414
20240108T,111.8240194
20240109T,103.4637805
20240110T,92.24002486
20240111T,88.02408116
20240112T,87.62089641
20240113T,82.47963649
20240114T,81.31302858
20240115T,75.4505812
20240116T,73.90250329
20240117T,75.75095169
20240118T,73.49418782
20240119T,66.73875129
20240120T,60.27072681
20240121T,54.98077977
20240122T,47.52453866
20240123T,35.65339734
20240124T,24.56687203
20240125T,18.60662605
20240126T,10.65915013
20240127T,9.452329976
20240128T,11.21480461
20240129T,9.907213918
20240130T,14.28125532
20240131T,14.99122196
20240201T,10.66485484
20240202T,9.454054196
20240203T,11.11311689
20240204T,10.91761742
20240205T,7.237444808
20240206T,5.296277514
20240207T,5.451665605
20240208T,10.29883161
20240209T,15.7332319
20240210T,26.04254551
20240211T,34.36836343
20240212T,40.15666345
20240213T,50.54644417
20240214T,58.01854198
20240215T,70.05866041
20240216T,81.54423588
20240217T,89.99824924
20240218T,95.51800694
20240219T,104.1013773
20240220T,112.6612195
20240221T,116.858146
20240222T,115.903795
20240223T,114.1498734
20240224T,110.1210886
20240225T,111.3674397
20240226T,113.1178002
20240227T,119.0903369
20240228T,124.4429716
20240229T,130.938827
20240301T,135.5796567
20240302T,145.0112353
20240303T,154.9917464
20240304T,161.3916921
20240305T,166.4982548
20240306T,166.4734421
